mean_fit_time,std_fit_time,mean_score_time,std_score_time,param_subsample,param_n_estimators,param_min_child_weight,param_max_depth,param_learning_rate,param_gamma,param_colsample_bytree,params,split0_test_accuracy,split1_test_accuracy,split2_test_accuracy,split3_test_accuracy,split4_test_accuracy,mean_test_accuracy,std_test_accuracy,rank_test_accuracy,split0_train_accuracy,split1_train_accuracy,split2_train_accuracy,split3_train_accuracy,split4_train_accuracy,mean_train_accuracy,std_train_accuracy,split0_test_precision,split1_test_precision,split2_test_precision,split3_test_precision,split4_test_precision,mean_test_precision,std_test_precision,rank_test_precision,split0_train_precision,split1_train_precision,split2_train_precision,split3_train_precision,split4_train_precision,mean_train_precision,std_train_precision,split0_test_recall,split1_test_recall,split2_test_recall,split3_test_recall,split4_test_recall,mean_test_recall,std_test_recall,rank_test_recall,split0_train_recall,split1_train_recall,split2_train_recall,split3_train_recall,split4_train_recall,mean_train_recall,std_train_recall,split0_test_f1,split1_test_f1,split2_test_f1,split3_test_f1,split4_test_f1,mean_test_f1,std_test_f1,rank_test_f1,split0_train_f1,split1_train_f1,split2_train_f1,split3_train_f1,split4_train_f1,mean_train_f1,std_train_f1,split0_test_roc_auc,split1_test_roc_auc,split2_test_roc_auc,split3_test_roc_auc,split4_test_roc_auc,mean_test_roc_auc,std_test_roc_auc,rank_test_roc_auc,split0_train_roc_auc,split1_train_roc_auc,split2_train_roc_auc,split3_train_roc_auc,split4_train_roc_auc,mean_train_roc_auc,std_train_roc_auc
0.8426570892333984,0.025355235288632733,0.01530160903930664,0.0007533690378656043,0.75,500,5,5,0.03,0.1,0.75,"{'subsample': 0.75, 'n_estimators': 500, 'min_child_weight': 5, 'max_depth': 5, 'learning_rate': 0.03, 'gamma': 0.1, 'colsample_bytree': 0.75}",0.7808340727595386,0.7595385980479148,0.7657497781721384,0.7817213842058562,0.7895204262877442,0.7754728518946384,0.011077543047096801,3,0.8859551808298203,0.8866208120701131,0.8837364100288441,0.8797426225870868,0.878438331854481,0.882898671474069,0.003278830890538878,0.562200956937799,0.5364583333333334,0.5425790754257908,0.5644768856447688,0.5803108808290155,0.5572052264341415,0.015849690739011126,3,0.711276332094176,0.7126008690254501,0.7063882063882064,0.7003676470588235,0.6968408262454435,0.7054947761624198,0.006097531703055944,0.7859531772575251,0.6889632107023411,0.745819397993311,0.7759197324414716,0.7491638795986622,0.7491638795986623,0.0337776084895053,15,0.959866220735786,0.959866220735786,0.9615384615384616,0.955685618729097,0.9590301003344481,0.9591973244147158,0.0019357586793963787,0.6555090655509066,0.6032210834553441,0.6281690140845071,0.6535211267605634,0.654014598540146,0.6388869776782935,0.020524267547794604,15,0.8170818505338078,0.8179551122194514,0.8144475920679887,0.8083451202263083,0.8071780436312456,0.8130015437357605,0.004446869313002363,0.8557914465286867,0.8379340151551872,0.8497972307046031,0.8732287980870213,0.8681619101155402,0.8569826801182077,0.012687102821397369,12,0.9668794299734644,0.9673979963413735,0.9645427878491579,0.964959711673564,0.9641712814857899,0.9655902414646699,0.0012990888361646188
0.24131250381469727,0.005044173253138706,0.01338367462158203,0.00020803369653263804,0.95,200,5,3,0.03,0.0,1.0,"{'subsample': 0.95, 'n_estimators': 200, 'min_child_weight': 5, 'max_depth': 3, 'learning_rate': 0.03, 'gamma': 0, 'colsample_bytree': 1.0}",0.7648624667258208,0.74622892635315,0.7444543034605147,0.7630878438331854,0.7779751332149201,0.7593217347175181,0.012532315888211654,15,0.7754603949412026,0.7854448635455957,0.7798979365431551,0.7739072553805192,0.7684117125110914,0.7766244325843128,0.0057393838886034,0.5364806866952789,0.5146067415730337,0.511482254697286,0.5330578512396694,0.5543237250554324,0.52999025185214,0.01563874787687431,15,0.5489882854100107,0.5626025150355386,0.5543710021321961,0.5475550779150994,0.5398740818467995,0.5506781924679288,0.007552016268533979,0.8361204013377926,0.7658862876254181,0.8193979933110368,0.862876254180602,0.8361204013377926,0.8240802675585284,0.032259947964648795,7,0.8620401337792643,0.8603678929765887,0.8695652173913043,0.8520066889632107,0.8603678929765887,0.8608695652173912,0.005586385648324416,0.6535947712418301,0.6155913978494624,0.6298200514138818,0.6590038314176245,0.6666666666666666,0.6449353437178931,0.019155665735592697,6,0.6707872478854913,0.6803305785123966,0.6770833333333334,0.6666666666666666,0.6634429400386848,0.6716621532873145,0.00628977903331835,0.8630559998707447,0.8473898502253889,0.8604325206404602,0.8781768536021844,0.8747699910625099,0.8647650430802576,0.010986942720619336,1,0.8886714902892862,0.8918373082933246,0.8882498946957997,0.8837756025572002,0.8838772155171021,0.8872823022705425,0.0030823924798256274
0.3587659358978271,0.006412473942456448,0.013403034210205078,0.0005922655274100838,0.95,300,1,3,0.01,0.0,1.0,"{'subsample': 0.95, 'n_estimators': 300, 'min_child_weight': 1, 'max_depth': 3, 'learning_rate': 0.01, 'gamma': 0, 'colsample_bytree': 1.0}",0.7648624667258208,0.7444543034605147,0.7480035492457853,0.7622005323868678,0.7753108348134992,0.7589663373264977,0.011341506135560045,16,0.7641446638562237,0.774572886620812,0.7712447304193477,0.7623696472154426,0.7610913930789707,0.7666846642381593,0.005279657413919591,0.5361702127659574,0.512087912087912,0.5156576200417536,0.5316973415132924,0.5513392857142857,0.5293904744246403,0.014289903832341447,16,0.534944823962165,0.5487540628385699,0.544,0.5330862890418211,0.531233595800525,0.5384037543286162,0.006783769771150696,0.842809364548495,0.7792642140468228,0.8260869565217391,0.8695652173913043,0.8260869565217391,0.82876254180602,0.029416232009760544,1,0.8511705685618729,0.846989966555184,0.8528428093645485,0.8419732441471572,0.8461538461538461,0.8478260869565217,0.0038497874358599574,0.6553966189856957,0.6180371352785146,0.6349614395886889,0.6598984771573604,0.6613119143239625,0.6459211170668444,0.016850277996050496,4,0.6569861245563084,0.666009204470743,0.6642787365678932,0.6528363047001621,0.6526926797807159,0.6585606100151645,0.005618857742861359,0.8614201121289969,0.8466385536328825,0.8588955940090156,0.875274667571454,0.8735668673894845,0.8631591589463667,0.010480826437008156,5,0.8772381561815334,0.8797389415437948,0.8769942140771261,0.8732317985351353,0.8735129326014249,0.8761432085878029,0.002459555908125344
0.25170650482177737,0.0031257706435294597,0.013810110092163087,0.0004529228001852285,1.0,300,1,2,0.01,0.0,1.0,"{'subsample': 1.0, 'n_estimators': 300, 'min_child_weight': 1, 'max_depth': 2, 'learning_rate': 0.01, 'gamma': 0, 'colsample_bytree': 1.0}",0.7657497781721384,0.7426796805678794,0.7409050576752441,0.7595385980479148,0.7735346358792184,0.756481550068479,0.012799781616782108,17,0.763922786776126,0.7725759928999334,0.7683603283780785,0.7583758597736854,0.7573203194321206,0.7641110574519889,0.005809535207781606,0.5373134328358209,0.5098901098901099,0.5073068893528184,0.5286885245901639,0.5486725663716814,0.526374304608119,0.01585892567737839,17,0.5352941176470588,0.5468493150684931,0.5406852248394004,0.5285029302077784,0.5269556025369979,0.5356574380599458,0.007450874803292449,0.842809364548495,0.7759197324414716,0.8127090301003345,0.862876254180602,0.8294314381270903,0.8247491638795987,0.02943143812709028,6,0.8369565217391305,0.8344481605351171,0.8444816053511706,0.8294314381270903,0.8336120401337793,0.8357859531772576,0.004977550523791705,0.65625,0.6153846153846154,0.6246786632390745,0.6556543837357052,0.6604527296937417,0.6424840784106274,0.018639976793034092,9,0.6529680365296804,0.6607083747103608,0.6592689295039165,0.6456231695411649,0.6457253886010362,0.6528587797772317,0.00641805924453142,0.8591702615804695,0.8457862763155769,0.8547533646777503,0.873798329374889,0.8687988579424362,0.8604614179782244,0.009969903218212364,9,0.8678338850229649,0.8704060095617223,0.8683178550468742,0.8640723533291783,0.8639219095858982,0.8669104025093277,0.0025313484298106997
0.2671042919158936,0.002802871848891436,0.013475179672241211,0.0009357492776885444,0.75,300,5,2,0.05,0.0,0.95,"{'subsample': 0.75, 'n_estimators': 300, 'min_child_weight': 5, 'max_depth': 2, 'learning_rate': 0.05, 'gamma': 0, 'colsample_bytree': 0.95}",0.7710736468500443,0.7559893522626442,0.7453416149068323,0.7675244010647737,0.7841918294849023,0.7648241689138394,0.013259542978822019,9,0.7776791657421789,0.7925449301087197,0.7841136010650099,0.7770135345018859,0.7775066548358474,0.7817715772507284,0.005985425186392821,0.5438972162740899,0.5272727272727272,0.5125523012552301,0.5389473684210526,0.5636363636363636,0.5372611953718927,0.017045987195711224,11,0.5527173913043478,0.5731912507010656,0.5604991861096039,0.5519869352204682,0.552645935624659,0.5582081397920289,0.008118279697293696,0.8494983277591973,0.7759197324414716,0.8193979933110368,0.8561872909698997,0.8294314381270903,0.826086956521739,0.02837886747236978,4,0.8503344481605352,0.8545150501672241,0.8637123745819398,0.8478260869565217,0.846989966555184,0.8526755852842809,0.006107686410618622,0.6631853785900783,0.6278755074424899,0.6306306306306306,0.661498708010336,0.6711772665764547,0.6508734982499979,0.01797443606265033,1,0.6699604743083004,0.6861362873447465,0.6798288910825929,0.66864490603363,0.6688676130736216,0.6746876343685783,0.0070744248021637505,0.861115150340103,0.847113163039439,0.8589258882264552,0.8800429773964746,0.8739571243119952,0.8642308606628933,0.011623159600239248,3,0.8903023164903853,0.8931621967516811,0.8893486442778656,0.885911863667172,0.8858893826846331,0.8889228807743474,0.002768546625624664
0.5737827777862549,0.004430790437543508,0.01397719383239746,0.0006849124116914168,0.75,500,5,3,0.03,0.3,0.85,"{'subsample': 0.75, 'n_estimators': 500, 'min_child_weight': 5, 'max_depth': 3, 'learning_rate': 0.03, 'gamma': 0.3, 'colsample_bytree': 0.85}",0.769299023957409,0.7506654835847383,0.7471162377994676,0.7737355811889973,0.7806394316163411,0.7642911516293907,0.013131479644123676,11,0.8076325715553583,0.8153982693587752,0.8087419569558465,0.8018637674728201,0.8063442768411713,0.8079961684367942,0.004377547000162837,0.5415778251599147,0.5209302325581395,0.5151515151515151,0.5476190476190477,0.5607476635514018,0.5372052568080037,0.016929590920661493,12,0.591950810508664,0.6038812785388128,0.593505039193729,0.5842134519177321,0.5912945166760882,0.5929690193670052,0.006322426549786135,0.8494983277591973,0.7491638795986622,0.7959866220735786,0.8461538461538461,0.802675585284281,0.808695652173913,0.03690465344249826,8,0.8854515050167224,0.8846153846153846,0.8862876254180602,0.8787625418060201,0.8745819397993311,0.8819397993311038,0.0045305074194461736,0.6614583333333334,0.6145404663923183,0.6254927726675427,0.6649145860709592,0.6602475928473177,0.6453307502622943,0.021012970704990534,5,0.7095477386934673,0.7177747625508819,0.7109322602280349,0.7018363939899833,0.7055649241146712,0.7091312159154077,0.005367699962031399,0.8617573877498264,0.8456610602168259,0.8573101966296675,0.8779870098395618,0.8720563911142745,0.8629544091100312,0.011324090000538313,6,0.9141909657582054,0.9168531165497799,0.91224220673159,0.9092411632856527,0.9090133375341315,0.9123081579718718,0.002982222705416889
0.8763497829437256,0.007864231913814999,0.015333318710327148,0.0003209019343549464,0.95,500,1,5,0.1,0.0,1.0,"{'subsample': 0.95, 'n_estimators': 500, 'min_child_weight': 1, 'max_depth': 5, 'learning_rate': 0.1, 'gamma': 0, 'colsample_bytree': 1.0}",0.7923691215616682,0.7595385980479148,0.7790594498669032,0.7941437444543035,0.7921847246891652,0.7834591277239911,0.013124282627937932,1,0.992899933436876,0.9913467938761926,0.9913467938761926,0.9915686709562902,0.9902395740905058,0.9914803532472115,0.0008483179898498036,0.6,0.5451612903225806,0.5748502994011976,0.5954415954415955,0.6072607260726073,0.5845427822475961,0.022443978307274647,1,0.9739413680781759,0.968421052631579,0.968421052631579,0.9692058346839546,0.964516129032258,0.9689010874115093,0.00300619450024403,0.6521739130434783,0.5652173913043478,0.6421404682274248,0.6989966555183946,0.6153846153846154,0.6347826086956523,0.04403553335286366,18,1.0,1.0,1.0,1.0,1.0,1.0,0.0,0.625,0.555008210180624,0.6066350710900474,0.6430769230769231,0.6112956810631229,0.6082031770821434,0.02946197026938564,18,0.9867986798679867,0.983957219251337,0.983957219251337,0.9843621399176955,0.9819376026272578,0.9842025721831229,0.001550207739923482,0.842126734848852,0.8161544924304849,0.8337736092934581,0.8594105957054918,0.8514233256360378,0.840577751582865,0.01494987480460715,18,0.999972979497752,0.999998737359708,0.999991666574073,0.9999939393265986,0.9999757646260482,0.9999866174768359,1.0293427722627537e-05
0.29494404792785645,0.002411212608901483,0.013930416107177735,0.00031763560172825883,0.85,200,1,4,0.1,0.1,1.0,"{'subsample': 0.85, 'n_estimators': 200, 'min_child_weight': 1, 'max_depth': 4, 'learning_rate': 0.1, 'gamma': 0.1, 'colsample_bytree': 1.0}",0.7834960070984915,0.7497781721384206,0.7613132209405501,0.7861579414374446,0.7859680284191829,0.773342674006818,0.015011424420127628,5,0.880186376747282,0.8821832704681606,0.8779676059463057,0.8768582205458176,0.878438331854481,0.8791267611124093,0.0018670236516986115,0.5672371638141809,0.5214105793450882,0.535377358490566,0.569377990430622,0.5725,0.5531806184160913,0.020782065730043327,5,0.7029702970297029,0.7056277056277056,0.6962332928311057,0.6948328267477204,0.6970802919708029,0.6993488828414075,0.004190141396104315,0.7759197324414716,0.6923076923076923,0.7591973244147158,0.7959866220735786,0.7658862876254181,0.7578595317725754,0.03505169901424457,12,0.9498327759197325,0.9540133779264214,0.9581939799331104,0.955685618729097,0.9581939799331104,0.9551839464882942,0.003110547698618441,0.655367231638418,0.5948275862068966,0.627939142461964,0.6638772663877266,0.6552217453505007,0.6394465944091012,0.025386835776058082,12,0.8079658605974396,0.8112335584784928,0.8064743138634765,0.8046462513199577,0.8070422535211268,0.8074724475560986,0.002170628238145254,0.8579645517263665,0.8339998061170084,0.850637390334933,0.8707406330279677,0.865715221637623,0.8558115205687796,0.012869496865441515,13,0.9659460862696454,0.9654536565557799,0.9632354500908596,0.9620172547371739,0.9626351122097815,0.963857511972648,0.0015606145572872397
0.43246235847473147,0.0035702835555773815,0.014401102066040039,0.0003018943980865539,0.95,500,5,2,0.1,0.0,0.75,"{'subsample': 0.95, 'n_estimators': 500, 'min_child_weight': 5, 'max_depth': 2, 'learning_rate': 0.1, 'gamma': 0, 'colsample_bytree': 0.75}",0.769299023957409,0.7497781721384206,0.7568766637089619,0.7737355811889973,0.7761989342806395,0.7651776750548855,0.010175882355228283,8,0.8134013756378966,0.8244952296427779,0.8138451297980919,0.8098513423563346,0.8085625554569654,0.8140311265784133,0.00560900169806513,0.5428571428571428,0.5199063231850117,0.5279642058165548,0.5484581497797357,0.5555555555555556,0.5389482754388002,0.013151155374740557,8,0.6011396011396012,0.6180758017492711,0.6012478729438457,0.5950644980370162,0.5946560545764639,0.6020367656892396,0.008506060738936047,0.8260869565217391,0.7424749163879598,0.7892976588628763,0.8327759197324415,0.7859531772575251,0.7953177257525084,0.03245353704537314,11,0.8821070234113713,0.8862876254180602,0.8862876254180602,0.887123745819398,0.8745819397993311,0.8832775919732441,0.004688242732065617,0.6551724137931034,0.6115702479338843,0.6327077747989276,0.6613545816733067,0.6509695290858726,0.6423549094570189,0.0181121518615932,10,0.7150118603863097,0.7282720714531089,0.7164582629266644,0.7123195703256127,0.7079526226734348,0.716002877553026,0.006783744770832381,0.857079960577125,0.8350903979448404,0.852119787374986,0.8781768536021843,0.8691122767144007,0.8583158552427074,0.014767278231078701,11,0.9171442814011065,0.9211094769739867,0.9181988385729539,0.913758385194179,0.9128850647488407,0.9166192093782133,0.0030020520724592
0.26698031425476076,0.0016440618990195464,0.013425445556640625,0.0005053099544386002,0.95,300,1,2,0.03,0.0,1.0,"{'subsample': 0.95, 'n_estimators': 300, 'min_child_weight': 1, 'max_depth': 2, 'learning_rate': 0.03, 'gamma': 0, 'colsample_bytree': 1.0}",0.7648624667258208,0.7471162377994676,0.7506654835847383,0.7737355811889973,0.7815275310834814,0.763581460076501,0.013150928572221146,13,0.7739072553805192,0.7832260927446195,0.7761260261814954,0.7727978699800311,0.764418811002662,0.7740952110578655,0.0060472861629178795,0.5364806866952789,0.515625,0.5189873417721519,0.5462184873949579,0.5590200445434298,0.5352663120811637,0.01634901018586606,13,0.5475550779150994,0.5603305785123966,0.5505132360886008,0.54638619201726,0.5356004250797024,0.5480771019226118,0.007935761949881461,0.8361204013377926,0.7725752508361204,0.822742474916388,0.8695652173913043,0.8394648829431438,0.8280936454849497,0.03170032270521145,3,0.8520066889632107,0.8503344481605352,0.8520066889632107,0.846989966555184,0.842809364548495,0.8488294314381271,0.0035236300176765176,0.6535947712418301,0.6184738955823293,0.6364812419146184,0.6709677419354839,0.6711229946524064,0.6501281290653337,0.020373116992143135,2,0.6666666666666666,0.6755230820325473,0.6688546110928782,0.6642622950819672,0.6549707602339181,0.6660554830215955,0.006692244716178632,0.8613130725607095,0.8482825198326143,0.8584068473009872,0.8795724072189101,0.874846829213056,0.8644843352252554,0.01135361428363058,2,0.8813544897973613,0.8845049035898379,0.8804230400539805,0.8770555783953157,0.8769689979076793,0.880061401948835,0.0028335667673567376
0.7201502799987793,0.006133589828255802,0.014754867553710938,0.0006897395941733776,0.95,500,5,4,0.05,0.1,0.95,"{'subsample': 0.95, 'n_estimators': 500, 'min_child_weight': 5, 'max_depth': 4, 'learning_rate': 0.05, 'gamma': 0.1, 'colsample_bytree': 0.95}",0.774622892635315,0.7506654835847383,0.7666370896184561,0.7843833185448092,0.7806394316163411,0.771389643199932,0.011974352958958883,7,0.8824051475482583,0.8857333037497227,0.8753050809851343,0.8744175726647437,0.8753327417923691,0.8786387693480456,0.004569022233752834,0.5544794188861986,0.5228426395939086,0.5439024390243903,0.5666666666666667,0.5653266331658291,0.5506435594673986,0.016157848159163567,7,0.7040441176470589,0.711622125543816,0.6914251207729468,0.6890756302521008,0.6916565900846433,0.6975647168601131,0.0087665109023536,0.7658862876254181,0.6889632107023411,0.745819397993311,0.7959866220735786,0.7525083612040134,0.7498327759197324,0.03497502732415085,14,0.9607023411371237,0.9573578595317725,0.9573578595317725,0.959866220735786,0.9565217391304348,0.958361204013378,0.0016212976111760263,0.6432584269662921,0.5945165945165946,0.6290550070521862,0.6620305980528511,0.6456241032998565,0.634896945977556,0.022741690253822697,16,0.8125884016973126,0.8163992869875223,0.802945301542777,0.8022361984626135,0.8028070175438596,0.807395241246817,0.005924714975971728,0.8547897177386781,0.8327436059005058,0.8508110771815874,0.87447691984554,0.8652865456398394,0.8556215732612301,0.014115027683959764,14,0.9665637699004735,0.96657690135951,0.9640376054683436,0.963318026765954,0.9623503465658477,0.9645693300120257,0.0017193319355067664
0.7120817184448243,0.0067218204578169466,0.015389490127563476,0.0005287046339869218,0.95,500,5,4,0.05,0.0,1.0,"{'subsample': 0.95, 'n_estimators': 500, 'min_child_weight': 5, 'max_depth': 4, 'learning_rate': 0.05, 'gamma': 0, 'colsample_bytree': 1.0}",0.7843833185448092,0.7559893522626442,0.7630878438331854,0.7834960070984915,0.7859680284191829,0.7745849100316626,0.012513745598039965,4,0.8812957621477702,0.8881739516307965,0.878411360106501,0.8739738185045485,0.8731144631765749,0.8789938711132382,0.0054713849361271135,0.5682926829268292,0.5304568527918782,0.538647342995169,0.5653206650831354,0.5747422680412371,0.5554919623676497,0.01755866752179553,4,0.7033846153846154,0.7176100628930817,0.6963636363636364,0.689156626506024,0.6884057971014492,0.6989841476497614,0.010785523505988317,0.7792642140468228,0.6989966555183946,0.745819397993311,0.7959866220735786,0.745819397993311,0.7531772575250836,0.03333762085452072,13,0.955685618729097,0.9540133779264214,0.9607023411371237,0.9565217391304348,0.9531772575250836,0.9560200668896321,0.002622807214273922,0.6572637517630465,0.6031746031746031,0.6255259467040674,0.6611111111111111,0.6491994177583698,0.6392549661022395,0.02186859902687946,13,0.8103509393831975,0.8190954773869347,0.8074490513000703,0.8011204481792717,0.7994389901823282,0.8074909812863605,0.0070464700523820215,0.8557550934677589,0.8342098460245907,0.8488843649524179,0.8749131565766727,0.8618166965257024,0.8551158315094286,0.013513961167468377,15,0.9664412937921532,0.9668054392523554,0.9644311704473486,0.962828627388789,0.9622554246845363,0.9645523911130365,0.001838819721981507
0.2235867500305176,0.007847132782520522,0.013638687133789063,0.0006088251420726137,1.0,200,1,3,0.1,0.1,1.0,"{'subsample': 1.0, 'n_estimators': 200, 'min_child_weight': 1, 'max_depth': 3, 'learning_rate': 0.1, 'gamma': 0.1, 'colsample_bytree': 1.0}",0.7763975155279503,0.748890860692103,0.7524401064773736,0.771960958296362,0.7708703374777975,0.7641119556943173,0.01119045435908179,12,0.8189483026403372,0.8227202130019969,0.8207233192811183,0.8134013756378966,0.809449866903283,0.8170486154929264,0.0049055604406145065,0.5523385300668151,0.5186915887850467,0.5221238938053098,0.5462555066079295,0.5473441108545035,0.5373507260239209,0.014027237429818649,10,0.6084474885844748,0.6145412579342181,0.6094808126410836,0.5989960959286112,0.5946097697922516,0.6052150849761279,0.007304394602778872,0.8294314381270903,0.7424749163879598,0.7892976588628763,0.8294314381270903,0.7926421404682275,0.7966555183946488,0.03210702341137125,10,0.8913043478260869,0.8904682274247492,0.903010033444816,0.8979933110367893,0.8854515050167224,0.8936454849498328,0.006153300833770577,0.6631016042780749,0.6107290233837689,0.6284953395472703,0.6586985391766268,0.6475409836065574,0.6417130979984595,0.01956864676851161,11,0.723202170963365,0.7272106520996927,0.7277628032345014,0.7186349949815992,0.7114544843802486,0.7216530211318813,0.006061933655764442,0.8614201121289968,0.8365889519008612,0.8530528492721309,0.8750504903623996,0.8677494105705031,0.8587723628469783,0.013246825689472608,10,0.9249739138515681,0.9263264541323185,0.9248946200412329,0.9219377690055142,0.9174747649168726,0.9231215043895012,0.0031665109794409463
0.34642624855041504,0.004663463740747177,0.013209247589111328,0.0007334952386978192,0.75,200,5,5,0.1,0.3,0.85,"{'subsample': 0.75, 'n_estimators': 200, 'min_child_weight': 5, 'max_depth': 5, 'learning_rate': 0.1, 'gamma': 0.3, 'colsample_bytree': 0.85}",0.7808340727595386,0.7542147293700089,0.7639751552795031,0.7950310559006211,0.7957371225577264,0.7779584271734796,0.016583854057490313,2,0.9034834701575327,0.9059241180386066,0.9052584867983138,0.9041491013978256,0.9070541259982253,0.9051738604781008,0.0012659381545569192,0.5663265306122449,0.5282051282051282,0.5407407407407407,0.5833333333333334,0.5915119363395226,0.562023533846194,0.02424389019704749,2,0.7418944691671965,0.7480719794344473,0.7432005060088551,0.7420785804816223,0.7479259731971921,0.7446343016578626,0.0027837705648692153,0.7424749163879598,0.6889632107023411,0.7324414715719063,0.7959866220735786,0.745819397993311,0.7411371237458194,0.034146485667157785,16,0.975752508361204,0.9732441471571907,0.9824414715719063,0.9790969899665551,0.979933110367893,0.9780936454849499,0.0032339598003032844,0.6425470332850941,0.5979680696661829,0.6221590909090909,0.6732673267326733,0.6597633136094675,0.6391409668405018,0.026777163726770355,14,0.8429035752979415,0.8459302325581395,0.8462369463449766,0.8442682047584715,0.8483532392327181,0.8455384396384493,0.0018504332903442216,0.8502476047372077,0.8275572358748162,0.8441261531998773,0.8726794629441132,0.8633655918761854,0.85159520972644,0.01561098754847593,17,0.977893946296373,0.9788409265153452,0.9763136257069522,0.9764421624886741,0.9772076406055611,0.977339660322581,0.0009419885054815941
0.17055983543395997,0.004443196952956419,0.013248729705810546,0.0003105987239244945,1.0,200,1,2,0.05,0.3,0.85,"{'subsample': 1.0, 'n_estimators': 200, 'min_child_weight': 1, 'max_depth': 2, 'learning_rate': 0.05, 'gamma': 0.3, 'colsample_bytree': 0.85}",0.7630878438331854,0.748890860692103,0.7497781721384206,0.7728482697426797,0.7806394316163411,0.7630489156045459,0.012506144582086244,14,0.7727978699800311,0.7843354781451076,0.7767916574217884,0.7701353450188596,0.7637533274179237,0.773562735596742,0.006856156832647268,0.5344827586206896,0.5180995475113123,0.5178947368421053,0.5450733752620545,0.5575221238938053,0.5346145084259935,0.015404277300526811,14,0.5463362068965517,0.5621531631520533,0.5513513513513514,0.5431034482758621,0.5347111817700053,0.5475310702891648,0.009097045937538226,0.8294314381270903,0.7658862876254181,0.822742474916388,0.8695652173913043,0.842809364548495,0.826086956521739,0.03410715393707546,4,0.8478260869565217,0.846989966555184,0.8528428093645485,0.842809364548495,0.8436454849498328,0.8468227424749164,0.0035630895907462286,0.6500655307994757,0.6180836707152496,0.6356589147286822,0.6701030927835051,0.6711051930758988,0.6490032804205622,0.020341678203582476,3,0.6644823066841415,0.675783855903936,0.66973079448457,0.6605504587155964,0.654557249432371,0.665020933044123,0.007318295390034798,0.861797780039746,0.8473676344659331,0.8584129061444751,0.8784434427156544,0.8748731159487693,0.8641789758629155,0.011308213827840733,4,0.8823379603207713,0.8855492333753203,0.8817388375022348,0.8777823541473694,0.8776049240221027,0.8810026618735597,0.002997041650647772
0.2287731647491455,0.002888620042393557,0.01327528953552246,0.00044965199419690066,1.0,200,1,3,0.01,0.3,0.85,"{'subsample': 1.0, 'n_estimators': 200, 'min_child_weight': 1, 'max_depth': 3, 'learning_rate': 0.01, 'gamma': 0.3, 'colsample_bytree': 0.85}",0.7622005323868678,0.743566992014197,0.7400177462289264,0.7551020408163265,0.7797513321492007,0.7561277287191036,0.014235935244917449,18,0.7632571555358332,0.7705790991790548,0.7670290658974928,0.7583758597736854,0.7590949423247559,0.7636672245421645,0.004650773068494493,0.53276955602537,0.5109170305676856,0.5061728395061729,0.523517382413088,0.5565410199556541,0.5259835656935941,0.017918454668341827,18,0.5340369393139842,0.5434083601286174,0.5385835095137421,0.5281430825881115,0.5288562434417629,0.5346056269972437,0.005804394147305611,0.842809364548495,0.782608695652174,0.822742474916388,0.8561872909698997,0.8394648829431438,0.82876254180602,0.02541806020066888,1,0.8461538461538461,0.8478260869565217,0.8520066889632107,0.8394648829431438,0.842809364548495,0.8456521739130436,0.004283026245774494,0.6528497409326425,0.618229854689564,0.6267515923566879,0.649746192893401,0.6693333333333333,0.6433821428411257,0.018508450196209454,7,0.6548042704626335,0.6623122142390594,0.6599740932642487,0.6483693897319988,0.6499032882011605,0.6550726511798202,0.0054435918959461335,0.859220751942869,0.8454247653207956,0.8572112355193641,0.872305834262356,0.8702790033687463,0.8608883180828262,0.009736198671789462,8,0.8719915069763402,0.8744156500728796,0.8725589375235483,0.8680154526969491,0.8684741206598484,0.8710911335859132,0.002462766740865499
0.8809074878692627,0.015672447535006247,0.014017963409423828,0.0015594331659887198,0.95,500,3,5,0.01,0.0,0.75,"{'subsample': 0.95, 'n_estimators': 500, 'min_child_weight': 3, 'max_depth': 5, 'learning_rate': 0.01, 'gamma': 0, 'colsample_bytree': 0.75}",0.771960958296362,0.7515527950310559,0.7497781721384206,0.7763975155279503,0.7744227353463587,0.7648224352680295,0.011657786760575365,10,0.8198358109607278,0.8298202795651209,0.8187264255602397,0.8160639005990681,0.8167701863354038,0.8202433206041121,0.00497424146682611,0.546875,0.5221445221445221,0.5185185185185185,0.5523385300668151,0.5524475524475524,0.5384648246354817,0.014986225877330431,9,0.6079865016872891,0.6242038216560509,0.6060436485730274,0.6023424428332403,0.6032366071428571,0.6087626043784929,0.007977234693645651,0.8193979933110368,0.7491638795986622,0.7959866220735786,0.8294314381270903,0.7926421404682275,0.797324414715719,0.027789402110824084,9,0.9038461538461539,0.9013377926421404,0.9055183946488294,0.903010033444816,0.9038461538461539,0.9035117056856187,0.001358534850273593,0.6559571619812584,0.6153846153846154,0.6279683377308707,0.6631016042780749,0.6510989010989011,0.642702124094744,0.01803148040469663,8,0.7269670477471419,0.7375983578515224,0.7261146496815286,0.7226497156239545,0.7235609103078983,0.7273781362424091,0.0053506541125358,0.8621289968170874,0.844687606029761,0.8592288304008531,0.8770216341104811,0.8709766128934416,0.8628087360503249,0.011048744783903898,7,0.9248150737028391,0.9274975530031142,0.9241026920501137,0.9220929474973965,0.9217767962451326,0.9240570124997192,0.0020722451527525015
0.4300414562225342,0.004474828544161917,0.013797140121459961,0.0007603627083705187,0.85,300,5,4,0.1,0.3,0.75,"{'subsample': 0.85, 'n_estimators': 300, 'min_child_weight': 5, 'max_depth': 4, 'learning_rate': 0.1, 'gamma': 0.3, 'colsample_bytree': 0.75}",0.7701863354037267,0.7524401064773736,0.7701863354037267,0.7852706299911268,0.7797513321492007,0.771566947885031,0.011175180472182668,6,0.8943865098735301,0.8946083869536277,0.8939427557133348,0.8892833370312847,0.888642413487134,0.8921726806117822,0.0026373457697673104,0.5505050505050505,0.5257731958762887,0.5505050505050505,0.5683453237410072,0.5676392572944297,0.5525535755843654,0.015508312286061941,6,0.7258469259723965,0.7274447949526814,0.7260705289672544,0.7152563310685608,0.7166042446941323,0.7222445651310051,0.005202038505206239,0.7290969899665551,0.6822742474916388,0.7290969899665551,0.7926421404682275,0.7157190635451505,0.7297658862876254,0.035796891398688045,17,0.967391304347826,0.9640468227424749,0.9640468227424749,0.9682274247491639,0.959866220735786,0.964715719063545,0.002963218251951389,0.6273381294964029,0.5938864628820961,0.6273381294964029,0.6620111731843575,0.6331360946745562,0.6287419979467631,0.02165638993433131,17,0.8293906810035843,0.829198130169004,0.8283045977011494,0.8227353463587922,0.8205861329521087,0.8260429776369277,0.003660453776050699,0.8502859774126317,0.8288376714652708,0.8478584007884575,0.8716211849482172,0.861201991321333,0.851961045187182,0.014326507852736575,16,0.9739183970730988,0.9722099184940439,0.9711261943314523,0.9704888135120693,0.9687547965844281,0.9712996239990185,0.001723383099986269
